Employee ID,Team,Date,Status,Hours Worked
EID001,Tech,2025-06-01 00:00:00,Present,6
EID001,Tech,2025-06-02 00:00:00,Present,9
EID001,Tech,2025-06-03 00:00:00,WFH,0
EID001,Tech,2025-06-04 00:00:00,WFH,0
EID001,Tech,2025-06-05 00:00:00,Present,7
EID001,Tech,2025-06-06 00:00:00,Present,8
EID001,Tech,2025-06-07 00:00:00,Present,7
EID001,Tech,2025-06-08 00:00:00,Present,7
EID001,Tech,2025-06-09 00:00:00,Present,8
EID001,Tech,2025-06-10 00:00:00,Present,6
EID001,Tech,2025-06-11 00:00:00,Present,6
EID001,Tech,2025-06-12 00:00:00,Present,7
EID001,Tech,2025-06-13 00:00:00,Present,9
EID001,Tech,2025-06-14 00:00:00,Present,9
EID001,Tech,2025-06-15 00:00:00,Present,6
EID001,Tech,2025-06-16 00:00:00,Present,6
EID001,Tech,2025-06-17 00:00:00,Present,9
EID001,Tech,2025-06-18 00:00:00,Present,9
EID001,Tech,2025-06-19 00:00:00,Present,8
EID001,Tech,2025-06-20 00:00:00,Present,7
EID001,Tech,2025-06-21 00:00:00,Present,8
EID001,Tech,2025-06-22 00:00:00,Present,7
EID001,Tech,2025-06-23 00:00:00,WFH,0
EID001,Tech,2025-06-24 00:00:00,Present,8
EID001,Tech,2025-06-25 00:00:00,Present,6
EID001,Tech,2025-06-26 00:00:00,Present,6
EID001,Tech,2025-06-27 00:00:00,Present,9
EID001,Tech,2025-06-28 00:00:00,Present,9
EID001,Tech,2025-06-29 00:00:00,Present,6
EID001,Tech,2025-06-30 00:00:00,Present,6
EID002,Tech,2025-06-01 00:00:00,Present,6
EID002,Tech,2025-06-02 00:00:00,Present,6
EID002,Tech,2025-06-03 00:00:00,Present,7
EID002,Tech,2025-06-04 00:00:00,Present,7
EID002,Tech,2025-06-05 00:00:00,Present,7
EID002,Tech,2025-06-06 00:00:00,Present,9
EID002,Tech,2025-06-07 00:00:00,Present,7
EID002,Tech,2025-06-08 00:00:00,Present,8
EID002,Tech,2025-06-09 00:00:00,Present,9
EID002,Tech,2025-06-10 00:00:00,Present,8
EID002,Tech,2025-06-11 00:00:00,WFH,0
EID002,Tech,2025-06-12 00:00:00,Present,8
EID002,Tech,2025-06-13 00:00:00,Present,8
EID002,Tech,2025-06-14 00:00:00,Absent,0
EID002,Tech,2025-06-15 00:00:00,WFH,0
EID002,Tech,2025-06-16 00:00:00,Present,6
EID002,Tech,2025-06-17 00:00:00,WFH,0
EID002,Tech,2025-06-18 00:00:00,Present,9
EID002,Tech,2025-06-19 00:00:00,Present,9
EID002,Tech,2025-06-20 00:00:00,Absent,0
EID002,Tech,2025-06-21 00:00:00,Present,8
EID002,Tech,2025-06-22 00:00:00,Present,7
EID002,Tech,2025-06-23 00:00:00,Present,6
EID002,Tech,2025-06-24 00:00:00,Present,6
EID002,Tech,2025-06-25 00:00:00,WFH,0
EID002,Tech,2025-06-26 00:00:00,Absent,0
EID002,Tech,2025-06-27 00:00:00,Absent,0
EID002,Tech,2025-06-28 00:00:00,Present,8
EID002,Tech,2025-06-29 00:00:00,Absent,0
EID002,Tech,2025-06-30 00:00:00,WFH,0
EID003,Sales,2025-06-01 00:00:00,Present,8
EID003,Sales,2025-06-02 00:00:00,Present,7
EID003,Sales,2025-06-03 00:00:00,Present,6
EID003,Sales,2025-06-04 00:00:00,Present,9
EID003,Sales,2025-06-05 00:00:00,Present,6
EID003,Sales,2025-06-06 00:00:00,Present,8
EID003,Sales,2025-06-07 00:00:00,Present,9
EID003,Sales,2025-06-08 00:00:00,Present,7
EID003,Sales,2025-06-09 00:00:00,Present,9
EID003,Sales,2025-06-10 00:00:00,Present,9
EID003,Sales,2025-06-11 00:00:00,Present,8
EID003,Sales,2025-06-12 00:00:00,WFH,0
EID003,Sales,2025-06-13 00:00:00,Absent,0
EID003,Sales,2025-06-14 00:00:00,Absent,0
EID003,Sales,2025-06-15 00:00:00,Present,6
EID003,Sales,2025-06-16 00:00:00,Present,7
EID003,Sales,2025-06-17 00:00:00,Present,8
EID003,Sales,2025-06-18 00:00:00,Present,8
EID003,Sales,2025-06-19 00:00:00,Present,7
EID003,Sales,2025-06-20 00:00:00,Present,6
EID003,Sales,2025-06-21 00:00:00,Present,6
EID003,Sales,2025-06-22 00:00:00,Absent,0
EID003,Sales,2025-06-23 00:00:00,WFH,0
EID003,Sales,2025-06-24 00:00:00,Present,6
EID003,Sales,2025-06-25 00:00:00,Present,6
EID003,Sales,2025-06-26 00:00:00,WFH,0
EID003,Sales,2025-06-27 00:00:00,Present,9
EID003,Sales,2025-06-28 00:00:00,Present,8
EID003,Sales,2025-06-29 00:00:00,Absent,0
EID003,Sales,2025-06-30 00:00:00,Present,9
EID004,Tech,2025-06-01 00:00:00,Absent,0
EID004,Tech,2025-06-02 00:00:00,Present,8
EID004,Tech,2025-06-03 00:00:00,Absent,0
EID004,Tech,2025-06-04 00:00:00,Present,8
EID004,Tech,2025-06-05 00:00:00,Present,6
EID004,Tech,2025-06-06 00:00:00,Present,8
EID004,Tech,2025-06-07 00:00:00,Present,9
EID004,Tech,2025-06-08 00:00:00,Present,8
EID004,Tech,2025-06-09 00:00:00,WFH,0
EID004,Tech,2025-06-10 00:00:00,Present,8
EID004,Tech,2025-06-11 00:00:00,Absent,0
EID004,Tech,2025-06-12 00:00:00,Present,8
EID004,Tech,2025-06-13 00:00:00,Present,8
EID004,Tech,2025-06-14 00:00:00,Present,9
EID004,Tech,2025-06-15 00:00:00,Present,6
EID004,Tech,2025-06-16 00:00:00,Present,8
EID004,Tech,2025-06-17 00:00:00,Present,6
EID004,Tech,2025-06-18 00:00:00,Present,6
EID004,Tech,2025-06-19 00:00:00,Present,9
EID004,Tech,2025-06-20 00:00:00,Present,9
EID004,Tech,2025-06-21 00:00:00,Present,6
EID004,Tech,2025-06-22 00:00:00,Present,7
EID004,Tech,2025-06-23 00:00:00,Present,8
EID004,Tech,2025-06-24 00:00:00,Present,9
EID004,Tech,2025-06-25 00:00:00,Absent,0
EID004,Tech,2025-06-26 00:00:00,Present,8
EID004,Tech,2025-06-27 00:00:00,WFH,0
EID004,Tech,2025-06-28 00:00:00,Present,9
EID004,Tech,2025-06-29 00:00:00,Present,9
EID004,Tech,2025-06-30 00:00:00,Present,8
EID005,HR,2025-06-01 00:00:00,Present,7
EID005,HR,2025-06-02 00:00:00,Present,7
EID005,HR,2025-06-03 00:00:00,Present,7
EID005,HR,2025-06-04 00:00:00,Present,7
EID005,HR,2025-06-05 00:00:00,Absent,0
EID005,HR,2025-06-06 00:00:00,WFH,0
EID005,HR,2025-06-07 00:00:00,WFH,0
EID005,HR,2025-06-08 00:00:00,Present,8
EID005,HR,2025-06-09 00:00:00,Present,9
EID005,HR,2025-06-10 00:00:00,Present,8
EID005,HR,2025-06-11 00:00:00,Absent,0
EID005,HR,2025-06-12 00:00:00,Present,9
EID005,HR,2025-06-13 00:00:00,Present,7
EID005,HR,2025-06-14 00:00:00,Present,7
EID005,HR,2025-06-15 00:00:00,Present,6
EID005,HR,2025-06-16 00:00:00,WFH,0
EID005,HR,2025-06-17 00:00:00,Present,6
EID005,HR,2025-06-18 00:00:00,Present,8
EID005,HR,2025-06-19 00:00:00,Absent,0
EID005,HR,2025-06-20 00:00:00,Present,9
EID005,HR,2025-06-21 00:00:00,Present,7
EID005,HR,2025-06-22 00:00:00,Present,8
EID005,HR,2025-06-23 00:00:00,Present,6
EID005,HR,2025-06-24 00:00:00,WFH,0
EID005,HR,2025-06-25 00:00:00,Present,6
EID005,HR,2025-06-26 00:00:00,WFH,0
EID005,HR,2025-06-27 00:00:00,Present,8
EID005,HR,2025-06-28 00:00:00,WFH,0
EID005,HR,2025-06-29 00:00:00,Present,6
EID005,HR,2025-06-30 00:00:00,WFH,0
EID006,Marketing,2025-06-01 00:00:00,Present,7
EID006,Marketing,2025-06-02 00:00:00,Present,6
EID006,Marketing,2025-06-03 00:00:00,Present,6
EID006,Marketing,2025-06-04 00:00:00,Present,9
EID006,Marketing,2025-06-05 00:00:00,Present,9
EID006,Marketing,2025-06-06 00:00:00,Present,9
EID006,Marketing,2025-06-07 00:00:00,Present,6
EID006,Marketing,2025-06-08 00:00:00,Absent,0
EID006,Marketing,2025-06-09 00:00:00,Present,8
EID006,Marketing,2025-06-10 00:00:00,Present,7
EID006,Marketing,2025-06-11 00:00:00,Present,8
EID006,Marketing,2025-06-12 00:00:00,Present,9
EID006,Marketing,2025-06-13 00:00:00,Present,9
EID006,Marketing,2025-06-14 00:00:00,WFH,0
EID006,Marketing,2025-06-15 00:00:00,Present,8
EID006,Marketing,2025-06-16 00:00:00,Present,7
EID006,Marketing,2025-06-17 00:00:00,Present,7
EID006,Marketing,2025-06-18 00:00:00,Present,9
EID006,Marketing,2025-06-19 00:00:00,Present,9
EID006,Marketing,2025-06-20 00:00:00,Present,8
EID006,Marketing,2025-06-21 00:00:00,Present,6
EID006,Marketing,2025-06-22 00:00:00,Present,9
EID006,Marketing,2025-06-23 00:00:00,Present,9
EID006,Marketing,2025-06-24 00:00:00,Present,9
EID006,Marketing,2025-06-25 00:00:00,Present,7
EID006,Marketing,2025-06-26 00:00:00,Present,7
EID006,Marketing,2025-06-27 00:00:00,WFH,0
EID006,Marketing,2025-06-28 00:00:00,Present,8
EID006,Marketing,2025-06-29 00:00:00,Present,6
EID006,Marketing,2025-06-30 00:00:00,WFH,0
EID007,Marketing,2025-06-01 00:00:00,Present,7
EID007,Marketing,2025-06-02 00:00:00,Present,6
EID007,Marketing,2025-06-03 00:00:00,Present,6
EID007,Marketing,2025-06-04 00:00:00,Present,8
EID007,Marketing,2025-06-05 00:00:00,Present,7
EID007,Marketing,2025-06-06 00:00:00,Present,6
EID007,Marketing,2025-06-07 00:00:00,Present,9
EID007,Marketing,2025-06-08 00:00:00,WFH,0
EID007,Marketing,2025-06-09 00:00:00,Present,6
EID007,Marketing,2025-06-10 00:00:00,Present,6
EID007,Marketing,2025-06-11 00:00:00,Present,6
EID007,Marketing,2025-06-12 00:00:00,Present,7
EID007,Marketing,2025-06-13 00:00:00,Present,7
EID007,Marketing,2025-06-14 00:00:00,Present,7
EID007,Marketing,2025-06-15 00:00:00,Present,8
EID007,Marketing,2025-06-16 00:00:00,Present,8
EID007,Marketing,2025-06-17 00:00:00,Present,9
EID007,Marketing,2025-06-18 00:00:00,Present,8
EID007,Marketing,2025-06-19 00:00:00,Absent,0
EID007,Marketing,2025-06-20 00:00:00,Present,6
EID007,Marketing,2025-06-21 00:00:00,Present,9
EID007,Marketing,2025-06-22 00:00:00,Present,9
EID007,Marketing,2025-06-23 00:00:00,Absent,0
EID007,Marketing,2025-06-24 00:00:00,Present,7
EID007,Marketing,2025-06-25 00:00:00,Present,8
EID007,Marketing,2025-06-26 00:00:00,Absent,0
EID007,Marketing,2025-06-27 00:00:00,Present,9
EID007,Marketing,2025-06-28 00:00:00,Present,7
EID007,Marketing,2025-06-29 00:00:00,Absent,0
EID007,Marketing,2025-06-30 00:00:00,Present,8
EID008,Tech,2025-06-01 00:00:00,Present,7
EID008,Tech,2025-06-02 00:00:00,Present,7
EID008,Tech,2025-06-03 00:00:00,Present,8
EID008,Tech,2025-06-04 00:00:00,Present,6
EID008,Tech,2025-06-05 00:00:00,Absent,0
EID008,Tech,2025-06-06 00:00:00,Present,8
EID008,Tech,2025-06-07 00:00:00,Present,6
EID008,Tech,2025-06-08 00:00:00,Present,8
EID008,Tech,2025-06-09 00:00:00,Present,9
EID008,Tech,2025-06-10 00:00:00,Present,7
EID008,Tech,2025-06-11 00:00:00,Present,8
EID008,Tech,2025-06-12 00:00:00,Present,9
EID008,Tech,2025-06-13 00:00:00,Present,8
EID008,Tech,2025-06-14 00:00:00,Present,7
EID008,Tech,2025-06-15 00:00:00,Present,6
EID008,Tech,2025-06-16 00:00:00,Present,8
EID008,Tech,2025-06-17 00:00:00,Present,8
EID008,Tech,2025-06-18 00:00:00,Present,7
EID008,Tech,2025-06-19 00:00:00,WFH,0
EID008,Tech,2025-06-20 00:00:00,Present,9
EID008,Tech,2025-06-21 00:00:00,Present,9
EID008,Tech,2025-06-22 00:00:00,Present,7
EID008,Tech,2025-06-23 00:00:00,WFH,0
EID008,Tech,2025-06-24 00:00:00,Present,6
EID008,Tech,2025-06-25 00:00:00,Present,6
EID008,Tech,2025-06-26 00:00:00,Present,6
EID008,Tech,2025-06-27 00:00:00,Present,9
EID008,Tech,2025-06-28 00:00:00,Absent,0
EID008,Tech,2025-06-29 00:00:00,WFH,0
EID008,Tech,2025-06-30 00:00:00,Present,7
EID009,Tech,2025-06-01 00:00:00,Present,7
EID009,Tech,2025-06-02 00:00:00,Present,8
EID009,Tech,2025-06-03 00:00:00,Present,9
EID009,Tech,2025-06-04 00:00:00,Absent,0
EID009,Tech,2025-06-05 00:00:00,Present,7
EID009,Tech,2025-06-06 00:00:00,Present,9
EID009,Tech,2025-06-07 00:00:00,Present,7
EID009,Tech,2025-06-08 00:00:00,Present,7
EID009,Tech,2025-06-09 00:00:00,Present,6
EID009,Tech,2025-06-10 00:00:00,Absent,0
EID009,Tech,2025-06-11 00:00:00,Present,7
EID009,Tech,2025-06-12 00:00:00,Present,6
EID009,Tech,2025-06-13 00:00:00,Present,9
EID009,Tech,2025-06-14 00:00:00,Present,9
EID009,Tech,2025-06-15 00:00:00,Present,7
EID009,Tech,2025-06-16 00:00:00,Present,6
EID009,Tech,2025-06-17 00:00:00,WFH,0
EID009,Tech,2025-06-18 00:00:00,Present,6
EID009,Tech,2025-06-19 00:00:00,Present,6
EID009,Tech,2025-06-20 00:00:00,Present,9
EID009,Tech,2025-06-21 00:00:00,Present,8
EID009,Tech,2025-06-22 00:00:00,Present,8
EID009,Tech,2025-06-23 00:00:00,Absent,0
EID009,Tech,2025-06-24 00:00:00,Present,9
EID009,Tech,2025-06-25 00:00:00,Present,7
EID009,Tech,2025-06-26 00:00:00,Present,6
EID009,Tech,2025-06-27 00:00:00,Present,9
EID009,Tech,2025-06-28 00:00:00,Present,9
EID009,Tech,2025-06-29 00:00:00,Present,9
EID009,Tech,2025-06-30 00:00:00,Present,9
EID010,Marketing,2025-06-01 00:00:00,Present,8
EID010,Marketing,2025-06-02 00:00:00,Present,6
EID010,Marketing,2025-06-03 00:00:00,Present,9
EID010,Marketing,2025-06-04 00:00:00,Absent,0
EID010,Marketing,2025-06-05 00:00:00,Present,8
EID010,Marketing,2025-06-06 00:00:00,Present,8
EID010,Marketing,2025-06-07 00:00:00,Present,7
EID010,Marketing,2025-06-08 00:00:00,WFH,0
EID010,Marketing,2025-06-09 00:00:00,Present,6
EID010,Marketing,2025-06-10 00:00:00,WFH,0
EID010,Marketing,2025-06-11 00:00:00,Present,8
EID010,Marketing,2025-06-12 00:00:00,Present,6
EID010,Marketing,2025-06-13 00:00:00,WFH,0
EID010,Marketing,2025-06-14 00:00:00,Present,6
EID010,Marketing,2025-06-15 00:00:00,Present,9
EID010,Marketing,2025-06-16 00:00:00,Present,6
EID010,Marketing,2025-06-17 00:00:00,Present,8
EID010,Marketing,2025-06-18 00:00:00,Present,7
EID010,Marketing,2025-06-19 00:00:00,Present,6
EID010,Marketing,2025-06-20 00:00:00,Absent,0
EID010,Marketing,2025-06-21 00:00:00,Present,8
EID010,Marketing,2025-06-22 00:00:00,Present,8
EID010,Marketing,2025-06-23 00:00:00,Present,9
EID010,Marketing,2025-06-24 00:00:00,Present,7
EID010,Marketing,2025-06-25 00:00:00,Present,9
EID010,Marketing,2025-06-26 00:00:00,WFH,0
EID010,Marketing,2025-06-27 00:00:00,Present,9
EID010,Marketing,2025-06-28 00:00:00,WFH,0
EID010,Marketing,2025-06-29 00:00:00,Present,9
EID010,Marketing,2025-06-30 00:00:00,Present,7
EID011,Marketing,2025-06-01 00:00:00,WFH,0
EID011,Marketing,2025-06-02 00:00:00,Present,6
EID011,Marketing,2025-06-03 00:00:00,Absent,0
EID011,Marketing,2025-06-04 00:00:00,WFH,0
EID011,Marketing,2025-06-05 00:00:00,Present,7
EID011,Marketing,2025-06-06 00:00:00,Present,7
EID011,Marketing,2025-06-07 00:00:00,Absent,0
EID011,Marketing,2025-06-08 00:00:00,Present,9
EID011,Marketing,2025-06-09 00:00:00,Present,6
EID011,Marketing,2025-06-10 00:00:00,Present,6
EID011,Marketing,2025-06-11 00:00:00,Present,8
EID011,Marketing,2025-06-12 00:00:00,Present,6
EID011,Marketing,2025-06-13 00:00:00,Present,6
EID011,Marketing,2025-06-14 00:00:00,Present,9
EID011,Marketing,2025-06-15 00:00:00,Present,9
EID011,Marketing,2025-06-16 00:00:00,Present,6
EID011,Marketing,2025-06-17 00:00:00,Absent,0
EID011,Marketing,2025-06-18 00:00:00,WFH,0
EID011,Marketing,2025-06-19 00:00:00,Present,6
EID011,Marketing,2025-06-20 00:00:00,Present,6
EID011,Marketing,2025-06-21 00:00:00,Present,7
EID011,Marketing,2025-06-22 00:00:00,Present,7
EID011,Marketing,2025-06-23 00:00:00,WFH,0
EID011,Marketing,2025-06-24 00:00:00,Present,7
EID011,Marketing,2025-06-25 00:00:00,Present,6
EID011,Marketing,2025-06-26 00:00:00,Present,6
EID011,Marketing,2025-06-27 00:00:00,Absent,0
EID011,Marketing,2025-06-28 00:00:00,Present,7
EID011,Marketing,2025-06-29 00:00:00,Present,6
EID011,Marketing,2025-06-30 00:00:00,Present,9
EID012,Sales,2025-06-01 00:00:00,Present,6
EID012,Sales,2025-06-02 00:00:00,Present,6
EID012,Sales,2025-06-03 00:00:00,Present,6
EID012,Sales,2025-06-04 00:00:00,Present,8
EID012,Sales,2025-06-05 00:00:00,Present,7
EID012,Sales,2025-06-06 00:00:00,Present,9
EID012,Sales,2025-06-07 00:00:00,Present,7
EID012,Sales,2025-06-08 00:00:00,Present,6
EID012,Sales,2025-06-09 00:00:00,Present,7
EID012,Sales,2025-06-10 00:00:00,WFH,0
EID012,Sales,2025-06-11 00:00:00,Absent,0
EID012,Sales,2025-06-12 00:00:00,WFH,0
EID012,Sales,2025-06-13 00:00:00,Absent,0
EID012,Sales,2025-06-14 00:00:00,Present,6
EID012,Sales,2025-06-15 00:00:00,Present,6
EID012,Sales,2025-06-16 00:00:00,Present,9
EID012,Sales,2025-06-17 00:00:00,Present,9
EID012,Sales,2025-06-18 00:00:00,Present,7
EID012,Sales,2025-06-19 00:00:00,Present,8
EID012,Sales,2025-06-20 00:00:00,Present,6
EID012,Sales,2025-06-21 00:00:00,Present,8
EID012,Sales,2025-06-22 00:00:00,Absent,0
EID012,Sales,2025-06-23 00:00:00,Present,8
EID012,Sales,2025-06-24 00:00:00,Present,8
EID012,Sales,2025-06-25 00:00:00,Present,9
EID012,Sales,2025-06-26 00:00:00,WFH,0
EID012,Sales,2025-06-27 00:00:00,Present,7
EID012,Sales,2025-06-28 00:00:00,Present,9
EID012,Sales,2025-06-29 00:00:00,Present,9
EID012,Sales,2025-06-30 00:00:00,Present,6
EID013,Tech,2025-06-01 00:00:00,Present,9
EID013,Tech,2025-06-02 00:00:00,Present,9
EID013,Tech,2025-06-03 00:00:00,Present,7
EID013,Tech,2025-06-04 00:00:00,Present,9
EID013,Tech,2025-06-05 00:00:00,Absent,0
EID013,Tech,2025-06-06 00:00:00,Present,8
EID013,Tech,2025-06-07 00:00:00,Present,7
EID013,Tech,2025-06-08 00:00:00,Present,8
EID013,Tech,2025-06-09 00:00:00,Present,9
EID013,Tech,2025-06-10 00:00:00,Present,6
EID013,Tech,2025-06-11 00:00:00,Present,9
EID013,Tech,2025-06-12 00:00:00,Present,7
EID013,Tech,2025-06-13 00:00:00,Absent,0
EID013,Tech,2025-06-14 00:00:00,Present,9
EID013,Tech,2025-06-15 00:00:00,Present,8
EID013,Tech,2025-06-16 00:00:00,WFH,0
EID013,Tech,2025-06-17 00:00:00,Present,7
EID013,Tech,2025-06-18 00:00:00,Present,9
EID013,Tech,2025-06-19 00:00:00,Present,6
EID013,Tech,2025-06-20 00:00:00,Present,9
EID013,Tech,2025-06-21 00:00:00,Present,6
EID013,Tech,2025-06-22 00:00:00,WFH,0
EID013,Tech,2025-06-23 00:00:00,Present,6
EID013,Tech,2025-06-24 00:00:00,Present,6
EID013,Tech,2025-06-25 00:00:00,Present,9
EID013,Tech,2025-06-26 00:00:00,Absent,0
EID013,Tech,2025-06-27 00:00:00,Present,7
EID013,Tech,2025-06-28 00:00:00,Absent,0
EID013,Tech,2025-06-29 00:00:00,Present,7
EID013,Tech,2025-06-30 00:00:00,Present,7
EID014,Marketing,2025-06-01 00:00:00,Present,8
EID014,Marketing,2025-06-02 00:00:00,Absent,0
EID014,Marketing,2025-06-03 00:00:00,Present,6
EID014,Marketing,2025-06-04 00:00:00,Present,9
EID014,Marketing,2025-06-05 00:00:00,Present,8
EID014,Marketing,2025-06-06 00:00:00,Present,9
EID014,Marketing,2025-06-07 00:00:00,Present,6
EID014,Marketing,2025-06-08 00:00:00,Present,6
EID014,Marketing,2025-06-09 00:00:00,Present,6
EID014,Marketing,2025-06-10 00:00:00,WFH,0
EID014,Marketing,2025-06-11 00:00:00,Present,6
EID014,Marketing,2025-06-12 00:00:00,Present,7
EID014,Marketing,2025-06-13 00:00:00,Present,8
EID014,Marketing,2025-06-14 00:00:00,Present,8
EID014,Marketing,2025-06-15 00:00:00,WFH,0
EID014,Marketing,2025-06-16 00:00:00,Present,8
EID014,Marketing,2025-06-17 00:00:00,Present,7
EID014,Marketing,2025-06-18 00:00:00,Present,8
EID014,Marketing,2025-06-19 00:00:00,Present,9
EID014,Marketing,2025-06-20 00:00:00,Present,6
EID014,Marketing,2025-06-21 00:00:00,Present,6
EID014,Marketing,2025-06-22 00:00:00,Present,8
EID014,Marketing,2025-06-23 00:00:00,Present,8
EID014,Marketing,2025-06-24 00:00:00,Present,6
EID014,Marketing,2025-06-25 00:00:00,Absent,0
EID014,Marketing,2025-06-26 00:00:00,Present,9
EID014,Marketing,2025-06-27 00:00:00,Present,6
EID014,Marketing,2025-06-28 00:00:00,Present,9
EID014,Marketing,2025-06-29 00:00:00,Present,7
EID014,Marketing,2025-06-30 00:00:00,Present,7
EID015,Tech,2025-06-01 00:00:00,Present,7
EID015,Tech,2025-06-02 00:00:00,WFH,0
EID015,Tech,2025-06-03 00:00:00,Present,6
EID015,Tech,2025-06-04 00:00:00,WFH,0
EID015,Tech,2025-06-05 00:00:00,Present,9
EID015,Tech,2025-06-06 00:00:00,Present,9
EID015,Tech,2025-06-07 00:00:00,Present,6
EID015,Tech,2025-06-08 00:00:00,Present,8
EID015,Tech,2025-06-09 00:00:00,Present,8
EID015,Tech,2025-06-10 00:00:00,Present,7
EID015,Tech,2025-06-11 00:00:00,Present,8
EID015,Tech,2025-06-12 00:00:00,Present,6
EID015,Tech,2025-06-13 00:00:00,Present,9
EID015,Tech,2025-06-14 00:00:00,Present,9
EID015,Tech,2025-06-15 00:00:00,Present,8
EID015,Tech,2025-06-16 00:00:00,Present,9
EID015,Tech,2025-06-17 00:00:00,Present,9
EID015,Tech,2025-06-18 00:00:00,WFH,0
EID015,Tech,2025-06-19 00:00:00,Present,6
EID015,Tech,2025-06-20 00:00:00,Present,9
EID015,Tech,2025-06-21 00:00:00,Present,7
EID015,Tech,2025-06-22 00:00:00,Present,9
EID015,Tech,2025-06-23 00:00:00,Present,9
EID015,Tech,2025-06-24 00:00:00,Present,9
EID015,Tech,2025-06-25 00:00:00,Present,7
EID015,Tech,2025-06-26 00:00:00,Present,8
EID015,Tech,2025-06-27 00:00:00,Present,7
EID015,Tech,2025-06-28 00:00:00,Present,7
EID015,Tech,2025-06-29 00:00:00,WFH,0
EID015,Tech,2025-06-30 00:00:00,Present,8
EID016,Tech,2025-06-01 00:00:00,Present,8
EID016,Tech,2025-06-02 00:00:00,WFH,0
EID016,Tech,2025-06-03 00:00:00,Absent,0
EID016,Tech,2025-06-04 00:00:00,Present,7
EID016,Tech,2025-06-05 00:00:00,Present,7
EID016,Tech,2025-06-06 00:00:00,Present,9
EID016,Tech,2025-06-07 00:00:00,Present,8
EID016,Tech,2025-06-08 00:00:00,Present,7
EID016,Tech,2025-06-09 00:00:00,Absent,0
EID016,Tech,2025-06-10 00:00:00,Present,9
EID016,Tech,2025-06-11 00:00:00,Present,7
EID016,Tech,2025-06-12 00:00:00,Absent,0
EID016,Tech,2025-06-13 00:00:00,Present,9
EID016,Tech,2025-06-14 00:00:00,Absent,0
EID016,Tech,2025-06-15 00:00:00,Present,8
EID016,Tech,2025-06-16 00:00:00,Present,7
EID016,Tech,2025-06-17 00:00:00,Present,7
EID016,Tech,2025-06-18 00:00:00,WFH,0
EID016,Tech,2025-06-19 00:00:00,Present,6
EID016,Tech,2025-06-20 00:00:00,Present,6
EID016,Tech,2025-06-21 00:00:00,Absent,0
EID016,Tech,2025-06-22 00:00:00,WFH,0
EID016,Tech,2025-06-23 00:00:00,Present,7
EID016,Tech,2025-06-24 00:00:00,Absent,0
EID016,Tech,2025-06-25 00:00:00,Absent,0
EID016,Tech,2025-06-26 00:00:00,Present,8
EID016,Tech,2025-06-27 00:00:00,Present,6
EID016,Tech,2025-06-28 00:00:00,Present,7
EID016,Tech,2025-06-29 00:00:00,Present,7
EID016,Tech,2025-06-30 00:00:00,Present,8
EID017,HR,2025-06-01 00:00:00,Present,9
EID017,HR,2025-06-02 00:00:00,WFH,0
EID017,HR,2025-06-03 00:00:00,Present,6
EID017,HR,2025-06-04 00:00:00,WFH,0
EID017,HR,2025-06-05 00:00:00,Absent,0
EID017,HR,2025-06-06 00:00:00,Present,8
EID017,HR,2025-06-07 00:00:00,Present,6
EID017,HR,2025-06-08 00:00:00,Present,7
EID017,HR,2025-06-09 00:00:00,Present,8
EID017,HR,2025-06-10 00:00:00,Present,6
EID017,HR,2025-06-11 00:00:00,Present,7
EID017,HR,2025-06-12 00:00:00,Present,7
EID017,HR,2025-06-13 00:00:00,WFH,0
EID017,HR,2025-06-14 00:00:00,Present,9
EID017,HR,2025-06-15 00:00:00,Present,8
EID017,HR,2025-06-16 00:00:00,Present,8
EID017,HR,2025-06-17 00:00:00,Present,9
EID017,HR,2025-06-18 00:00:00,Present,8
EID017,HR,2025-06-19 00:00:00,Present,9
EID017,HR,2025-06-20 00:00:00,Present,9
EID017,HR,2025-06-21 00:00:00,Present,9
EID017,HR,2025-06-22 00:00:00,Absent,0
EID017,HR,2025-06-23 00:00:00,Present,9
EID017,HR,2025-06-24 00:00:00,Present,9
EID017,HR,2025-06-25 00:00:00,Present,8
EID017,HR,2025-06-26 00:00:00,Present,6
EID017,HR,2025-06-27 00:00:00,Absent,0
EID017,HR,2025-06-28 00:00:00,Present,6
EID017,HR,2025-06-29 00:00:00,Present,8
EID017,HR,2025-06-30 00:00:00,Present,7
EID018,Tech,2025-06-01 00:00:00,Present,7
EID018,Tech,2025-06-02 00:00:00,WFH,0
EID018,Tech,2025-06-03 00:00:00,Present,7
EID018,Tech,2025-06-04 00:00:00,Present,7
EID018,Tech,2025-06-05 00:00:00,Present,6
EID018,Tech,2025-06-06 00:00:00,Present,7
EID018,Tech,2025-06-07 00:00:00,Present,6
EID018,Tech,2025-06-08 00:00:00,Present,6
EID018,Tech,2025-06-09 00:00:00,Absent,0
EID018,Tech,2025-06-10 00:00:00,Present,6
EID018,Tech,2025-06-11 00:00:00,Absent,0
EID018,Tech,2025-06-12 00:00:00,WFH,0
EID018,Tech,2025-06-13 00:00:00,Present,8
EID018,Tech,2025-06-14 00:00:00,Present,8
EID018,Tech,2025-06-15 00:00:00,Present,9
EID018,Tech,2025-06-16 00:00:00,Present,6
EID018,Tech,2025-06-17 00:00:00,Present,9
EID018,Tech,2025-06-18 00:00:00,Absent,0
EID018,Tech,2025-06-19 00:00:00,Present,7
EID018,Tech,2025-06-20 00:00:00,Present,6
EID018,Tech,2025-06-21 00:00:00,Present,6
EID018,Tech,2025-06-22 00:00:00,Present,6
EID018,Tech,2025-06-23 00:00:00,WFH,0
EID018,Tech,2025-06-24 00:00:00,Present,9
EID018,Tech,2025-06-25 00:00:00,Present,6
EID018,Tech,2025-06-26 00:00:00,WFH,0
EID018,Tech,2025-06-27 00:00:00,Absent,0
EID018,Tech,2025-06-28 00:00:00,Present,6
EID018,Tech,2025-06-29 00:00:00,Absent,0
EID018,Tech,2025-06-30 00:00:00,Present,9
EID019,HR,2025-06-01 00:00:00,Present,8
EID019,HR,2025-06-02 00:00:00,Present,9
EID019,HR,2025-06-03 00:00:00,Absent,0
EID019,HR,2025-06-04 00:00:00,Present,8
EID019,HR,2025-06-05 00:00:00,Absent,0
EID019,HR,2025-06-06 00:00:00,Present,6
EID019,HR,2025-06-07 00:00:00,Present,9
EID019,HR,2025-06-08 00:00:00,WFH,0
EID019,HR,2025-06-09 00:00:00,Present,9
EID019,HR,2025-06-10 00:00:00,Present,6
EID019,HR,2025-06-11 00:00:00,Present,6
EID019,HR,2025-06-12 00:00:00,Present,9
EID019,HR,2025-06-13 00:00:00,Present,6
EID019,HR,2025-06-14 00:00:00,WFH,0
EID019,HR,2025-06-15 00:00:00,Present,7
EID019,HR,2025-06-16 00:00:00,Present,9
EID019,HR,2025-06-17 00:00:00,Present,8
EID019,HR,2025-06-18 00:00:00,WFH,0
EID019,HR,2025-06-19 00:00:00,Present,8
EID019,HR,2025-06-20 00:00:00,Present,6
EID019,HR,2025-06-21 00:00:00,Present,7
EID019,HR,2025-06-22 00:00:00,Present,9
EID019,HR,2025-06-23 00:00:00,Present,8
EID019,HR,2025-06-24 00:00:00,Present,9
EID019,HR,2025-06-25 00:00:00,Absent,0
EID019,HR,2025-06-26 00:00:00,Present,9
EID019,HR,2025-06-27 00:00:00,Present,7
EID019,HR,2025-06-28 00:00:00,Present,8
EID019,HR,2025-06-29 00:00:00,Present,7
EID019,HR,2025-06-30 00:00:00,Present,6
EID020,Marketing,2025-06-01 00:00:00,WFH,0
EID020,Marketing,2025-06-02 00:00:00,Present,8
EID020,Marketing,2025-06-03 00:00:00,WFH,0
EID020,Marketing,2025-06-04 00:00:00,Present,9
EID020,Marketing,2025-06-05 00:00:00,Present,7
EID020,Marketing,2025-06-06 00:00:00,Present,6
EID020,Marketing,2025-06-07 00:00:00,WFH,0
EID020,Marketing,2025-06-08 00:00:00,Present,9
EID020,Marketing,2025-06-09 00:00:00,Present,8
EID020,Marketing,2025-06-10 00:00:00,Present,6
EID020,Marketing,2025-06-11 00:00:00,WFH,0
EID020,Marketing,2025-06-12 00:00:00,Present,6
EID020,Marketing,2025-06-13 00:00:00,Present,7
EID020,Marketing,2025-06-14 00:00:00,Present,6
EID020,Marketing,2025-06-15 00:00:00,Present,9
EID020,Marketing,2025-06-16 00:00:00,Present,6
EID020,Marketing,2025-06-17 00:00:00,Present,8
EID020,Marketing,2025-06-18 00:00:00,Absent,0
EID020,Marketing,2025-06-19 00:00:00,Present,8
EID020,Marketing,2025-06-20 00:00:00,Present,7
EID020,Marketing,2025-06-21 00:00:00,Absent,0
EID020,Marketing,2025-06-22 00:00:00,Absent,0
EID020,Marketing,2025-06-23 00:00:00,WFH,0
EID020,Marketing,2025-06-24 00:00:00,Present,6
EID020,Marketing,2025-06-25 00:00:00,Present,7
EID020,Marketing,2025-06-26 00:00:00,Absent,0
EID020,Marketing,2025-06-27 00:00:00,Present,8
EID020,Marketing,2025-06-28 00:00:00,Present,9
EID020,Marketing,2025-06-29 00:00:00,Present,7
EID020,Marketing,2025-06-30 00:00:00,Present,6
EID021,Sales,2025-06-01 00:00:00,Present,6
EID021,Sales,2025-06-02 00:00:00,Present,6
EID021,Sales,2025-06-03 00:00:00,Present,9
EID021,Sales,2025-06-04 00:00:00,Absent,0
EID021,Sales,2025-06-05 00:00:00,Present,8
EID021,Sales,2025-06-06 00:00:00,Present,9
EID021,Sales,2025-06-07 00:00:00,Present,8
EID021,Sales,2025-06-08 00:00:00,Present,6
EID021,Sales,2025-06-09 00:00:00,Present,8
EID021,Sales,2025-06-10 00:00:00,Present,8
EID021,Sales,2025-06-11 00:00:00,Present,8
EID021,Sales,2025-06-12 00:00:00,Present,6
EID021,Sales,2025-06-13 00:00:00,Present,8
EID021,Sales,2025-06-14 00:00:00,Present,7
EID021,Sales,2025-06-15 00:00:00,Present,6
EID021,Sales,2025-06-16 00:00:00,Present,8
EID021,Sales,2025-06-17 00:00:00,WFH,0
EID021,Sales,2025-06-18 00:00:00,Present,9
EID021,Sales,2025-06-19 00:00:00,Absent,0
EID021,Sales,2025-06-20 00:00:00,Present,6
EID021,Sales,2025-06-21 00:00:00,Present,9
EID021,Sales,2025-06-22 00:00:00,Absent,0
EID021,Sales,2025-06-23 00:00:00,Present,7
EID021,Sales,2025-06-24 00:00:00,Present,6
EID021,Sales,2025-06-25 00:00:00,Present,9
EID021,Sales,2025-06-26 00:00:00,Present,7
EID021,Sales,2025-06-27 00:00:00,Absent,0
EID021,Sales,2025-06-28 00:00:00,Absent,0
EID021,Sales,2025-06-29 00:00:00,Present,6
EID021,Sales,2025-06-30 00:00:00,WFH,0
EID022,Marketing,2025-06-01 00:00:00,Present,9
EID022,Marketing,2025-06-02 00:00:00,Present,8
EID022,Marketing,2025-06-03 00:00:00,Present,8
EID022,Marketing,2025-06-04 00:00:00,WFH,0
EID022,Marketing,2025-06-05 00:00:00,Present,6
EID022,Marketing,2025-06-06 00:00:00,Present,7
EID022,Marketing,2025-06-07 00:00:00,Absent,0
EID022,Marketing,2025-06-08 00:00:00,Present,6
EID022,Marketing,2025-06-09 00:00:00,Present,7
EID022,Marketing,2025-06-10 00:00:00,Present,6
EID022,Marketing,2025-06-11 00:00:00,Present,7
EID022,Marketing,2025-06-12 00:00:00,Present,6
EID022,Marketing,2025-06-13 00:00:00,Present,6
EID022,Marketing,2025-06-14 00:00:00,Present,9
EID022,Marketing,2025-06-15 00:00:00,Present,8
EID022,Marketing,2025-06-16 00:00:00,Present,9
EID022,Marketing,2025-06-17 00:00:00,Present,9
EID022,Marketing,2025-06-18 00:00:00,Present,7
EID022,Marketing,2025-06-19 00:00:00,Present,7
EID022,Marketing,2025-06-20 00:00:00,Absent,0
EID022,Marketing,2025-06-21 00:00:00,Present,9
EID022,Marketing,2025-06-22 00:00:00,Present,8
EID022,Marketing,2025-06-23 00:00:00,Present,7
EID022,Marketing,2025-06-24 00:00:00,Present,9
EID022,Marketing,2025-06-25 00:00:00,Present,7
EID022,Marketing,2025-06-26 00:00:00,Present,9
EID022,Marketing,2025-06-27 00:00:00,Present,9
EID022,Marketing,2025-06-28 00:00:00,Present,7
EID022,Marketing,2025-06-29 00:00:00,Present,8
EID022,Marketing,2025-06-30 00:00:00,Present,8
EID023,HR,2025-06-01 00:00:00,Present,9
EID023,HR,2025-06-02 00:00:00,Present,8
EID023,HR,2025-06-03 00:00:00,Present,7
EID023,HR,2025-06-04 00:00:00,Present,6
EID023,HR,2025-06-05 00:00:00,Present,9
EID023,HR,2025-06-06 00:00:00,Present,8
EID023,HR,2025-06-07 00:00:00,Present,8
EID023,HR,2025-06-08 00:00:00,Absent,0
EID023,HR,2025-06-09 00:00:00,Present,6
EID023,HR,2025-06-10 00:00:00,WFH,0
EID023,HR,2025-06-11 00:00:00,Present,9
EID023,HR,2025-06-12 00:00:00,Present,7
EID023,HR,2025-06-13 00:00:00,Present,8
EID023,HR,2025-06-14 00:00:00,Present,7
EID023,HR,2025-06-15 00:00:00,Present,7
EID023,HR,2025-06-16 00:00:00,Present,6
EID023,HR,2025-06-17 00:00:00,Present,8
EID023,HR,2025-06-18 00:00:00,Present,7
EID023,HR,2025-06-19 00:00:00,Present,6
EID023,HR,2025-06-20 00:00:00,Absent,0
EID023,HR,2025-06-21 00:00:00,Present,6
EID023,HR,2025-06-22 00:00:00,Present,9
EID023,HR,2025-06-23 00:00:00,Present,7
EID023,HR,2025-06-24 00:00:00,Present,7
EID023,HR,2025-06-25 00:00:00,Present,7
EID023,HR,2025-06-26 00:00:00,WFH,0
EID023,HR,2025-06-27 00:00:00,Present,9
EID023,HR,2025-06-28 00:00:00,Present,7
EID023,HR,2025-06-29 00:00:00,Present,9
EID023,HR,2025-06-30 00:00:00,Present,8
EID024,HR,2025-06-01 00:00:00,Present,9
EID024,HR,2025-06-02 00:00:00,Present,9
EID024,HR,2025-06-03 00:00:00,Present,7
EID024,HR,2025-06-04 00:00:00,Present,8
EID024,HR,2025-06-05 00:00:00,Present,9
EID024,HR,2025-06-06 00:00:00,Present,7
EID024,HR,2025-06-07 00:00:00,Present,7
EID024,HR,2025-06-08 00:00:00,Present,6
EID024,HR,2025-06-09 00:00:00,Present,9
EID024,HR,2025-06-10 00:00:00,Present,9
EID024,HR,2025-06-11 00:00:00,Present,9
EID024,HR,2025-06-12 00:00:00,Present,8
EID024,HR,2025-06-13 00:00:00,Present,9
EID024,HR,2025-06-14 00:00:00,Present,8
EID024,HR,2025-06-15 00:00:00,Present,8
EID024,HR,2025-06-16 00:00:00,Present,9
EID024,HR,2025-06-17 00:00:00,Present,9
EID024,HR,2025-06-18 00:00:00,Present,9
EID024,HR,2025-06-19 00:00:00,WFH,0
EID024,HR,2025-06-20 00:00:00,Present,9
EID024,HR,2025-06-21 00:00:00,Present,7
EID024,HR,2025-06-22 00:00:00,Present,7
EID024,HR,2025-06-23 00:00:00,WFH,0
EID024,HR,2025-06-24 00:00:00,Present,8
EID024,HR,2025-06-25 00:00:00,Present,9
EID024,HR,2025-06-26 00:00:00,Present,8
EID024,HR,2025-06-27 00:00:00,WFH,0
EID024,HR,2025-06-28 00:00:00,Present,6
EID024,HR,2025-06-29 00:00:00,Present,6
EID024,HR,2025-06-30 00:00:00,Present,9
EID025,Tech,2025-06-01 00:00:00,Present,8
EID025,Tech,2025-06-02 00:00:00,Present,6
EID025,Tech,2025-06-03 00:00:00,Present,6
EID025,Tech,2025-06-04 00:00:00,Present,9
EID025,Tech,2025-06-05 00:00:00,Present,6
EID025,Tech,2025-06-06 00:00:00,Present,6
EID025,Tech,2025-06-07 00:00:00,Present,7
EID025,Tech,2025-06-08 00:00:00,Present,7
EID025,Tech,2025-06-09 00:00:00,Present,6
EID025,Tech,2025-06-10 00:00:00,Present,7
EID025,Tech,2025-06-11 00:00:00,Absent,0
EID025,Tech,2025-06-12 00:00:00,Present,7
EID025,Tech,2025-06-13 00:00:00,Absent,0
EID025,Tech,2025-06-14 00:00:00,Present,8
EID025,Tech,2025-06-15 00:00:00,Present,9
EID025,Tech,2025-06-16 00:00:00,Present,7
EID025,Tech,2025-06-17 00:00:00,Absent,0
EID025,Tech,2025-06-18 00:00:00,Present,9
EID025,Tech,2025-06-19 00:00:00,Present,6
EID025,Tech,2025-06-20 00:00:00,Present,8
EID025,Tech,2025-06-21 00:00:00,Absent,0
EID025,Tech,2025-06-22 00:00:00,Present,9
EID025,Tech,2025-06-23 00:00:00,Present,7
EID025,Tech,2025-06-24 00:00:00,Present,9
EID025,Tech,2025-06-25 00:00:00,Absent,0
EID025,Tech,2025-06-26 00:00:00,Absent,0
EID025,Tech,2025-06-27 00:00:00,Absent,0
EID025,Tech,2025-06-28 00:00:00,Present,6
EID025,Tech,2025-06-29 00:00:00,Present,9
EID025,Tech,2025-06-30 00:00:00,Present,8
EID026,Sales,2025-06-01 00:00:00,Present,7
EID026,Sales,2025-06-02 00:00:00,Present,9
EID026,Sales,2025-06-03 00:00:00,Present,9
EID026,Sales,2025-06-04 00:00:00,Present,8
EID026,Sales,2025-06-05 00:00:00,Present,6
EID026,Sales,2025-06-06 00:00:00,Present,8
EID026,Sales,2025-06-07 00:00:00,Present,8
EID026,Sales,2025-06-08 00:00:00,Present,9
EID026,Sales,2025-06-09 00:00:00,Present,9
EID026,Sales,2025-06-10 00:00:00,Present,6
EID026,Sales,2025-06-11 00:00:00,Present,6
EID026,Sales,2025-06-12 00:00:00,Present,6
EID026,Sales,2025-06-13 00:00:00,Present,9
EID026,Sales,2025-06-14 00:00:00,Absent,0
EID026,Sales,2025-06-15 00:00:00,Present,9
EID026,Sales,2025-06-16 00:00:00,Present,9
EID026,Sales,2025-06-17 00:00:00,Present,9
EID026,Sales,2025-06-18 00:00:00,Absent,0
EID026,Sales,2025-06-19 00:00:00,WFH,0
EID026,Sales,2025-06-20 00:00:00,Present,9
EID026,Sales,2025-06-21 00:00:00,Present,9
EID026,Sales,2025-06-22 00:00:00,Present,9
EID026,Sales,2025-06-23 00:00:00,Present,9
EID026,Sales,2025-06-24 00:00:00,Present,8
EID026,Sales,2025-06-25 00:00:00,Present,7
EID026,Sales,2025-06-26 00:00:00,Present,7
EID026,Sales,2025-06-27 00:00:00,Absent,0
EID026,Sales,2025-06-28 00:00:00,Present,8
EID026,Sales,2025-06-29 00:00:00,Present,9
EID026,Sales,2025-06-30 00:00:00,WFH,0
EID027,Marketing,2025-06-01 00:00:00,WFH,0
EID027,Marketing,2025-06-02 00:00:00,Present,6
EID027,Marketing,2025-06-03 00:00:00,Present,9
EID027,Marketing,2025-06-04 00:00:00,Absent,0
EID027,Marketing,2025-06-05 00:00:00,Present,8
EID027,Marketing,2025-06-06 00:00:00,Present,6
EID027,Marketing,2025-06-07 00:00:00,Present,6
EID027,Marketing,2025-06-08 00:00:00,Present,9
EID027,Marketing,2025-06-09 00:00:00,Absent,0
EID027,Marketing,2025-06-10 00:00:00,Present,6
EID027,Marketing,2025-06-11 00:00:00,WFH,0
EID027,Marketing,2025-06-12 00:00:00,Present,6
EID027,Marketing,2025-06-13 00:00:00,Absent,0
EID027,Marketing,2025-06-14 00:00:00,Present,8
EID027,Marketing,2025-06-15 00:00:00,Present,6
EID027,Marketing,2025-06-16 00:00:00,Present,8
EID027,Marketing,2025-06-17 00:00:00,Present,6
EID027,Marketing,2025-06-18 00:00:00,Present,7
EID027,Marketing,2025-06-19 00:00:00,Absent,0
EID027,Marketing,2025-06-20 00:00:00,Absent,0
EID027,Marketing,2025-06-21 00:00:00,Present,9
EID027,Marketing,2025-06-22 00:00:00,Present,9
EID027,Marketing,2025-06-23 00:00:00,Present,6
EID027,Marketing,2025-06-24 00:00:00,Present,9
EID027,Marketing,2025-06-25 00:00:00,WFH,0
EID027,Marketing,2025-06-26 00:00:00,Present,7
EID027,Marketing,2025-06-27 00:00:00,Present,6
EID027,Marketing,2025-06-28 00:00:00,Present,9
EID027,Marketing,2025-06-29 00:00:00,Present,6
EID027,Marketing,2025-06-30 00:00:00,Absent,0
EID028,Sales,2025-06-01 00:00:00,WFH,0
EID028,Sales,2025-06-02 00:00:00,Present,9
EID028,Sales,2025-06-03 00:00:00,Present,7
EID028,Sales,2025-06-04 00:00:00,Present,9
EID028,Sales,2025-06-05 00:00:00,Present,8
EID028,Sales,2025-06-06 00:00:00,Present,6
EID028,Sales,2025-06-07 00:00:00,Present,6
EID028,Sales,2025-06-08 00:00:00,Absent,0
EID028,Sales,2025-06-09 00:00:00,Present,8
EID028,Sales,2025-06-10 00:00:00,Present,7
EID028,Sales,2025-06-11 00:00:00,Present,7
EID028,Sales,2025-06-12 00:00:00,Present,6
EID028,Sales,2025-06-13 00:00:00,Present,6
EID028,Sales,2025-06-14 00:00:00,Present,9
EID028,Sales,2025-06-15 00:00:00,WFH,0
EID028,Sales,2025-06-16 00:00:00,Absent,0
EID028,Sales,2025-06-17 00:00:00,Present,8
EID028,Sales,2025-06-18 00:00:00,Present,8
EID028,Sales,2025-06-19 00:00:00,Present,6
EID028,Sales,2025-06-20 00:00:00,Absent,0
EID028,Sales,2025-06-21 00:00:00,Present,8
EID028,Sales,2025-06-22 00:00:00,Present,9
EID028,Sales,2025-06-23 00:00:00,Present,7
EID028,Sales,2025-06-24 00:00:00,Absent,0
EID028,Sales,2025-06-25 00:00:00,Present,8
EID028,Sales,2025-06-26 00:00:00,Present,8
EID028,Sales,2025-06-27 00:00:00,Present,9
EID028,Sales,2025-06-28 00:00:00,Present,9
EID028,Sales,2025-06-29 00:00:00,Present,7
EID028,Sales,2025-06-30 00:00:00,WFH,0
EID029,Sales,2025-06-01 00:00:00,Absent,0
EID029,Sales,2025-06-02 00:00:00,Present,8
EID029,Sales,2025-06-03 00:00:00,Absent,0
EID029,Sales,2025-06-04 00:00:00,Present,9
EID029,Sales,2025-06-05 00:00:00,Present,8
EID029,Sales,2025-06-06 00:00:00,Present,6
EID029,Sales,2025-06-07 00:00:00,Present,8
EID029,Sales,2025-06-08 00:00:00,Present,8
EID029,Sales,2025-06-09 00:00:00,Absent,0
EID029,Sales,2025-06-10 00:00:00,Present,7
EID029,Sales,2025-06-11 00:00:00,Present,9
EID029,Sales,2025-06-12 00:00:00,Present,7
EID029,Sales,2025-06-13 00:00:00,Present,6
EID029,Sales,2025-06-14 00:00:00,Present,6
EID029,Sales,2025-06-15 00:00:00,Absent,0
EID029,Sales,2025-06-16 00:00:00,Present,6
EID029,Sales,2025-06-17 00:00:00,Present,7
EID029,Sales,2025-06-18 00:00:00,Present,8
EID029,Sales,2025-06-19 00:00:00,WFH,0
EID029,Sales,2025-06-20 00:00:00,Absent,0
EID029,Sales,2025-06-21 00:00:00,Present,7
EID029,Sales,2025-06-22 00:00:00,Present,9
EID029,Sales,2025-06-23 00:00:00,Present,8
EID029,Sales,2025-06-24 00:00:00,Present,7
EID029,Sales,2025-06-25 00:00:00,Present,7
EID029,Sales,2025-06-26 00:00:00,Present,8
EID029,Sales,2025-06-27 00:00:00,WFH,0
EID029,Sales,2025-06-28 00:00:00,Absent,0
EID029,Sales,2025-06-29 00:00:00,Present,6
EID029,Sales,2025-06-30 00:00:00,Present,6
EID030,Tech,2025-06-01 00:00:00,Present,6
EID030,Tech,2025-06-02 00:00:00,Present,6
EID030,Tech,2025-06-03 00:00:00,Present,8
EID030,Tech,2025-06-04 00:00:00,Absent,0
EID030,Tech,2025-06-05 00:00:00,Absent,0
EID030,Tech,2025-06-06 00:00:00,Present,6
EID030,Tech,2025-06-07 00:00:00,Present,9
EID030,Tech,2025-06-08 00:00:00,Present,9
EID030,Tech,2025-06-09 00:00:00,Present,8
EID030,Tech,2025-06-10 00:00:00,Present,7
EID030,Tech,2025-06-11 00:00:00,Present,7
EID030,Tech,2025-06-12 00:00:00,Present,8
EID030,Tech,2025-06-13 00:00:00,Present,6
EID030,Tech,2025-06-14 00:00:00,Present,9
EID030,Tech,2025-06-15 00:00:00,Present,9
EID030,Tech,2025-06-16 00:00:00,Present,7
EID030,Tech,2025-06-17 00:00:00,Present,8
EID030,Tech,2025-06-18 00:00:00,Present,7
EID030,Tech,2025-06-19 00:00:00,Present,8
EID030,Tech,2025-06-20 00:00:00,Present,6
EID030,Tech,2025-06-21 00:00:00,Present,7
EID030,Tech,2025-06-22 00:00:00,Present,6
EID030,Tech,2025-06-23 00:00:00,Present,6
EID030,Tech,2025-06-24 00:00:00,Present,7
EID030,Tech,2025-06-25 00:00:00,WFH,0
EID030,Tech,2025-06-26 00:00:00,Present,7
EID030,Tech,2025-06-27 00:00:00,WFH,0
EID030,Tech,2025-06-28 00:00:00,Present,6
EID030,Tech,2025-06-29 00:00:00,Present,7
EID030,Tech,2025-06-30 00:00:00,Present,6
EID031,HR,2025-06-01 00:00:00,Present,6
EID031,HR,2025-06-02 00:00:00,Present,6
EID031,HR,2025-06-03 00:00:00,Present,7
EID031,HR,2025-06-04 00:00:00,Absent,0
EID031,HR,2025-06-05 00:00:00,Absent,0
EID031,HR,2025-06-06 00:00:00,Present,8
EID031,HR,2025-06-07 00:00:00,Absent,0
EID031,HR,2025-06-08 00:00:00,Present,7
EID031,HR,2025-06-09 00:00:00,Present,7
EID031,HR,2025-06-10 00:00:00,WFH,0
EID031,HR,2025-06-11 00:00:00,Present,6
EID031,HR,2025-06-12 00:00:00,Present,6
EID031,HR,2025-06-13 00:00:00,Present,8
EID031,HR,2025-06-14 00:00:00,Absent,0
EID031,HR,2025-06-15 00:00:00,Present,8
EID031,HR,2025-06-16 00:00:00,Present,8
EID031,HR,2025-06-17 00:00:00,Present,8
EID031,HR,2025-06-18 00:00:00,Present,7
EID031,HR,2025-06-19 00:00:00,Present,9
EID031,HR,2025-06-20 00:00:00,Present,9
EID031,HR,2025-06-21 00:00:00,Absent,0
EID031,HR,2025-06-22 00:00:00,Present,6
EID031,HR,2025-06-23 00:00:00,Present,9
EID031,HR,2025-06-24 00:00:00,Present,7
EID031,HR,2025-06-25 00:00:00,WFH,0
EID031,HR,2025-06-26 00:00:00,Absent,0
EID031,HR,2025-06-27 00:00:00,Present,8
EID031,HR,2025-06-28 00:00:00,Present,7
EID031,HR,2025-06-29 00:00:00,Present,8
EID031,HR,2025-06-30 00:00:00,Present,9
EID032,Sales,2025-06-01 00:00:00,Present,9
EID032,Sales,2025-06-02 00:00:00,Present,8
EID032,Sales,2025-06-03 00:00:00,Present,6
EID032,Sales,2025-06-04 00:00:00,Present,9
EID032,Sales,2025-06-05 00:00:00,Present,6
EID032,Sales,2025-06-06 00:00:00,Present,7
EID032,Sales,2025-06-07 00:00:00,Present,6
EID032,Sales,2025-06-08 00:00:00,WFH,0
EID032,Sales,2025-06-09 00:00:00,Present,6
EID032,Sales,2025-06-10 00:00:00,Present,8
EID032,Sales,2025-06-11 00:00:00,Present,7
EID032,Sales,2025-06-12 00:00:00,Present,8
EID032,Sales,2025-06-13 00:00:00,WFH,0
EID032,Sales,2025-06-14 00:00:00,Present,9
EID032,Sales,2025-06-15 00:00:00,Present,7
EID032,Sales,2025-06-16 00:00:00,Present,7
EID032,Sales,2025-06-17 00:00:00,Present,8
EID032,Sales,2025-06-18 00:00:00,Present,9
EID032,Sales,2025-06-19 00:00:00,Absent,0
EID032,Sales,2025-06-20 00:00:00,Present,9
EID032,Sales,2025-06-21 00:00:00,Present,6
EID032,Sales,2025-06-22 00:00:00,Present,8
EID032,Sales,2025-06-23 00:00:00,Present,6
EID032,Sales,2025-06-24 00:00:00,Absent,0
EID032,Sales,2025-06-25 00:00:00,Present,6
EID032,Sales,2025-06-26 00:00:00,Present,6
EID032,Sales,2025-06-27 00:00:00,Present,6
EID032,Sales,2025-06-28 00:00:00,Present,7
EID032,Sales,2025-06-29 00:00:00,Present,6
EID032,Sales,2025-06-30 00:00:00,Present,6
EID033,Sales,2025-06-01 00:00:00,Present,9
EID033,Sales,2025-06-02 00:00:00,Present,9
EID033,Sales,2025-06-03 00:00:00,Absent,0
EID033,Sales,2025-06-04 00:00:00,Absent,0
EID033,Sales,2025-06-05 00:00:00,WFH,0
EID033,Sales,2025-06-06 00:00:00,Present,9
EID033,Sales,2025-06-07 00:00:00,Absent,0
EID033,Sales,2025-06-08 00:00:00,Present,8
EID033,Sales,2025-06-09 00:00:00,Present,9
EID033,Sales,2025-06-10 00:00:00,Present,9
EID033,Sales,2025-06-11 00:00:00,Present,9
EID033,Sales,2025-06-12 00:00:00,Present,8
EID033,Sales,2025-06-13 00:00:00,Present,9
EID033,Sales,2025-06-14 00:00:00,Present,8
EID033,Sales,2025-06-15 00:00:00,Present,6
EID033,Sales,2025-06-16 00:00:00,Present,7
EID033,Sales,2025-06-17 00:00:00,Present,8
EID033,Sales,2025-06-18 00:00:00,Present,8
EID033,Sales,2025-06-19 00:00:00,Present,6
EID033,Sales,2025-06-20 00:00:00,Present,9
EID033,Sales,2025-06-21 00:00:00,Present,7
EID033,Sales,2025-06-22 00:00:00,Absent,0
EID033,Sales,2025-06-23 00:00:00,Present,7
EID033,Sales,2025-06-24 00:00:00,Present,9
EID033,Sales,2025-06-25 00:00:00,Present,7
EID033,Sales,2025-06-26 00:00:00,Present,9
EID033,Sales,2025-06-27 00:00:00,WFH,0
EID033,Sales,2025-06-28 00:00:00,Present,6
EID033,Sales,2025-06-29 00:00:00,Present,8
EID033,Sales,2025-06-30 00:00:00,Present,8
EID034,HR,2025-06-01 00:00:00,Present,8
EID034,HR,2025-06-02 00:00:00,Present,8
EID034,HR,2025-06-03 00:00:00,Present,6
EID034,HR,2025-06-04 00:00:00,Present,6
EID034,HR,2025-06-05 00:00:00,Absent,0
EID034,HR,2025-06-06 00:00:00,Present,9
EID034,HR,2025-06-07 00:00:00,Present,8
EID034,HR,2025-06-08 00:00:00,Present,7
EID034,HR,2025-06-09 00:00:00,Absent,0
EID034,HR,2025-06-10 00:00:00,WFH,0
EID034,HR,2025-06-11 00:00:00,Present,8
EID034,HR,2025-06-12 00:00:00,Present,6
EID034,HR,2025-06-13 00:00:00,Present,9
EID034,HR,2025-06-14 00:00:00,Present,6
EID034,HR,2025-06-15 00:00:00,Present,6
EID034,HR,2025-06-16 00:00:00,Present,6
EID034,HR,2025-06-17 00:00:00,Present,8
EID034,HR,2025-06-18 00:00:00,Absent,0
EID034,HR,2025-06-19 00:00:00,Present,7
EID034,HR,2025-06-20 00:00:00,Present,8
EID034,HR,2025-06-21 00:00:00,Present,6
EID034,HR,2025-06-22 00:00:00,Present,9
EID034,HR,2025-06-23 00:00:00,Present,8
EID034,HR,2025-06-24 00:00:00,Present,8
EID034,HR,2025-06-25 00:00:00,Present,8
EID034,HR,2025-06-26 00:00:00,Present,8
EID034,HR,2025-06-27 00:00:00,Present,7
EID034,HR,2025-06-28 00:00:00,Present,8
EID034,HR,2025-06-29 00:00:00,Present,8
EID034,HR,2025-06-30 00:00:00,Absent,0
EID035,HR,2025-06-01 00:00:00,Present,9
EID035,HR,2025-06-02 00:00:00,Present,6
EID035,HR,2025-06-03 00:00:00,Present,9
EID035,HR,2025-06-04 00:00:00,Present,6
EID035,HR,2025-06-05 00:00:00,Present,7
EID035,HR,2025-06-06 00:00:00,Present,9
EID035,HR,2025-06-07 00:00:00,Present,7
EID035,HR,2025-06-08 00:00:00,Present,6
EID035,HR,2025-06-09 00:00:00,Present,7
EID035,HR,2025-06-10 00:00:00,Present,8
EID035,HR,2025-06-11 00:00:00,Present,6
EID035,HR,2025-06-12 00:00:00,Present,9
EID035,HR,2025-06-13 00:00:00,Present,7
EID035,HR,2025-06-14 00:00:00,WFH,0
EID035,HR,2025-06-15 00:00:00,Present,8
EID035,HR,2025-06-16 00:00:00,Present,9
EID035,HR,2025-06-17 00:00:00,Present,9
EID035,HR,2025-06-18 00:00:00,Present,8
EID035,HR,2025-06-19 00:00:00,Present,7
EID035,HR,2025-06-20 00:00:00,Present,7
EID035,HR,2025-06-21 00:00:00,Present,8
EID035,HR,2025-06-22 00:00:00,Present,9
EID035,HR,2025-06-23 00:00:00,Present,7
EID035,HR,2025-06-24 00:00:00,Present,6
EID035,HR,2025-06-25 00:00:00,WFH,0
EID035,HR,2025-06-26 00:00:00,Present,8
EID035,HR,2025-06-27 00:00:00,Present,8
EID035,HR,2025-06-28 00:00:00,Present,6
EID035,HR,2025-06-29 00:00:00,Present,8
EID035,HR,2025-06-30 00:00:00,Present,9
EID036,Marketing,2025-06-01 00:00:00,Present,6
EID036,Marketing,2025-06-02 00:00:00,Present,9
EID036,Marketing,2025-06-03 00:00:00,Present,7
EID036,Marketing,2025-06-04 00:00:00,Present,6
EID036,Marketing,2025-06-05 00:00:00,Present,7
EID036,Marketing,2025-06-06 00:00:00,Present,8
EID036,Marketing,2025-06-07 00:00:00,Present,9
EID036,Marketing,2025-06-08 00:00:00,WFH,0
EID036,Marketing,2025-06-09 00:00:00,Present,8
EID036,Marketing,2025-06-10 00:00:00,Present,7
EID036,Marketing,2025-06-11 00:00:00,Present,6
EID036,Marketing,2025-06-12 00:00:00,Present,7
EID036,Marketing,2025-06-13 00:00:00,Present,8
EID036,Marketing,2025-06-14 00:00:00,Present,6
EID036,Marketing,2025-06-15 00:00:00,Present,8
EID036,Marketing,2025-06-16 00:00:00,WFH,0
EID036,Marketing,2025-06-17 00:00:00,Present,6
EID036,Marketing,2025-06-18 00:00:00,Present,7
EID036,Marketing,2025-06-19 00:00:00,Present,6
EID036,Marketing,2025-06-20 00:00:00,Present,6
EID036,Marketing,2025-06-21 00:00:00,Present,6
EID036,Marketing,2025-06-22 00:00:00,Present,9
EID036,Marketing,2025-06-23 00:00:00,Present,9
EID036,Marketing,2025-06-24 00:00:00,Absent,0
EID036,Marketing,2025-06-25 00:00:00,Absent,0
EID036,Marketing,2025-06-26 00:00:00,Present,8
EID036,Marketing,2025-06-27 00:00:00,Present,6
EID036,Marketing,2025-06-28 00:00:00,Present,7
EID036,Marketing,2025-06-29 00:00:00,Present,7
EID036,Marketing,2025-06-30 00:00:00,Present,8
EID037,Tech,2025-06-01 00:00:00,Present,7
EID037,Tech,2025-06-02 00:00:00,Absent,0
EID037,Tech,2025-06-03 00:00:00,WFH,0
EID037,Tech,2025-06-04 00:00:00,Present,6
EID037,Tech,2025-06-05 00:00:00,Present,7
EID037,Tech,2025-06-06 00:00:00,Present,9
EID037,Tech,2025-06-07 00:00:00,Present,7
EID037,Tech,2025-06-08 00:00:00,Present,9
EID037,Tech,2025-06-09 00:00:00,Present,7
EID037,Tech,2025-06-10 00:00:00,Present,6
EID037,Tech,2025-06-11 00:00:00,Present,8
EID037,Tech,2025-06-12 00:00:00,Present,8
EID037,Tech,2025-06-13 00:00:00,Present,8
EID037,Tech,2025-06-14 00:00:00,WFH,0
EID037,Tech,2025-06-15 00:00:00,Present,8
EID037,Tech,2025-06-16 00:00:00,Present,8
EID037,Tech,2025-06-17 00:00:00,Present,6
EID037,Tech,2025-06-18 00:00:00,Present,7
EID037,Tech,2025-06-19 00:00:00,WFH,0
EID037,Tech,2025-06-20 00:00:00,Present,6
EID037,Tech,2025-06-21 00:00:00,Present,6
EID037,Tech,2025-06-22 00:00:00,Present,6
EID037,Tech,2025-06-23 00:00:00,Present,9
EID037,Tech,2025-06-24 00:00:00,Present,7
EID037,Tech,2025-06-25 00:00:00,Absent,0
EID037,Tech,2025-06-26 00:00:00,Present,9
EID037,Tech,2025-06-27 00:00:00,Present,7
EID037,Tech,2025-06-28 00:00:00,Present,7
EID037,Tech,2025-06-29 00:00:00,Absent,0
EID037,Tech,2025-06-30 00:00:00,Absent,0
EID038,Sales,2025-06-01 00:00:00,Present,9
EID038,Sales,2025-06-02 00:00:00,Present,8
EID038,Sales,2025-06-03 00:00:00,Present,9
EID038,Sales,2025-06-04 00:00:00,Present,7
EID038,Sales,2025-06-05 00:00:00,Absent,0
EID038,Sales,2025-06-06 00:00:00,Absent,0
EID038,Sales,2025-06-07 00:00:00,Present,6
EID038,Sales,2025-06-08 00:00:00,Present,8
EID038,Sales,2025-06-09 00:00:00,Present,6
EID038,Sales,2025-06-10 00:00:00,Present,7
EID038,Sales,2025-06-11 00:00:00,Present,7
EID038,Sales,2025-06-12 00:00:00,Present,8
EID038,Sales,2025-06-13 00:00:00,Present,9
EID038,Sales,2025-06-14 00:00:00,Present,6
EID038,Sales,2025-06-15 00:00:00,WFH,0
EID038,Sales,2025-06-16 00:00:00,Present,9
EID038,Sales,2025-06-17 00:00:00,Present,6
EID038,Sales,2025-06-18 00:00:00,Present,6
EID038,Sales,2025-06-19 00:00:00,Absent,0
EID038,Sales,2025-06-20 00:00:00,Present,9
EID038,Sales,2025-06-21 00:00:00,WFH,0
EID038,Sales,2025-06-22 00:00:00,WFH,0
EID038,Sales,2025-06-23 00:00:00,Present,7
EID038,Sales,2025-06-24 00:00:00,Present,9
EID038,Sales,2025-06-25 00:00:00,Present,6
EID038,Sales,2025-06-26 00:00:00,Present,7
EID038,Sales,2025-06-27 00:00:00,Present,9
EID038,Sales,2025-06-28 00:00:00,Present,9
EID038,Sales,2025-06-29 00:00:00,Present,8
EID038,Sales,2025-06-30 00:00:00,Present,6
EID039,Tech,2025-06-01 00:00:00,Present,6
EID039,Tech,2025-06-02 00:00:00,Present,8
EID039,Tech,2025-06-03 00:00:00,WFH,0
EID039,Tech,2025-06-04 00:00:00,Present,7
EID039,Tech,2025-06-05 00:00:00,Present,9
EID039,Tech,2025-06-06 00:00:00,Present,9
EID039,Tech,2025-06-07 00:00:00,WFH,0
EID039,Tech,2025-06-08 00:00:00,Present,7
EID039,Tech,2025-06-09 00:00:00,WFH,0
EID039,Tech,2025-06-10 00:00:00,Present,6
EID039,Tech,2025-06-11 00:00:00,Present,9
EID039,Tech,2025-06-12 00:00:00,Present,7
EID039,Tech,2025-06-13 00:00:00,Present,6
EID039,Tech,2025-06-14 00:00:00,Present,6
EID039,Tech,2025-06-15 00:00:00,Present,6
EID039,Tech,2025-06-16 00:00:00,Absent,0
EID039,Tech,2025-06-17 00:00:00,Absent,0
EID039,Tech,2025-06-18 00:00:00,Present,6
EID039,Tech,2025-06-19 00:00:00,Absent,0
EID039,Tech,2025-06-20 00:00:00,Present,7
EID039,Tech,2025-06-21 00:00:00,Present,6
EID039,Tech,2025-06-22 00:00:00,Present,6
EID039,Tech,2025-06-23 00:00:00,Present,9
EID039,Tech,2025-06-24 00:00:00,WFH,0
EID039,Tech,2025-06-25 00:00:00,Present,8
EID039,Tech,2025-06-26 00:00:00,Present,9
EID039,Tech,2025-06-27 00:00:00,Present,9
EID039,Tech,2025-06-28 00:00:00,Present,7
EID039,Tech,2025-06-29 00:00:00,Present,6
EID039,Tech,2025-06-30 00:00:00,Present,8
EID040,Marketing,2025-06-01 00:00:00,Present,7
EID040,Marketing,2025-06-02 00:00:00,Present,6
EID040,Marketing,2025-06-03 00:00:00,Present,6
EID040,Marketing,2025-06-04 00:00:00,Present,6
EID040,Marketing,2025-06-05 00:00:00,Present,9
EID040,Marketing,2025-06-06 00:00:00,Absent,0
EID040,Marketing,2025-06-07 00:00:00,Present,7
EID040,Marketing,2025-06-08 00:00:00,Present,6
EID040,Marketing,2025-06-09 00:00:00,Present,7
EID040,Marketing,2025-06-10 00:00:00,Present,7
EID040,Marketing,2025-06-11 00:00:00,Present,6
EID040,Marketing,2025-06-12 00:00:00,Present,9
EID040,Marketing,2025-06-13 00:00:00,Present,7
EID040,Marketing,2025-06-14 00:00:00,Present,9
EID040,Marketing,2025-06-15 00:00:00,Present,9
EID040,Marketing,2025-06-16 00:00:00,Present,9
EID040,Marketing,2025-06-17 00:00:00,Present,9
EID040,Marketing,2025-06-18 00:00:00,Present,6
EID040,Marketing,2025-06-19 00:00:00,Present,8
EID040,Marketing,2025-06-20 00:00:00,Absent,0
EID040,Marketing,2025-06-21 00:00:00,Present,7
EID040,Marketing,2025-06-22 00:00:00,Present,9
EID040,Marketing,2025-06-23 00:00:00,Present,6
EID040,Marketing,2025-06-24 00:00:00,Present,8
EID040,Marketing,2025-06-25 00:00:00,Present,7
EID040,Marketing,2025-06-26 00:00:00,Present,9
EID040,Marketing,2025-06-27 00:00:00,Present,9
EID040,Marketing,2025-06-28 00:00:00,Present,9
EID040,Marketing,2025-06-29 00:00:00,Absent,0
EID040,Marketing,2025-06-30 00:00:00,Present,8
EID041,HR,2025-06-01 00:00:00,Present,6
EID041,HR,2025-06-02 00:00:00,Present,6
EID041,HR,2025-06-03 00:00:00,Present,9
EID041,HR,2025-06-04 00:00:00,Absent,0
EID041,HR,2025-06-05 00:00:00,Present,6
EID041,HR,2025-06-06 00:00:00,Present,9
EID041,HR,2025-06-07 00:00:00,Present,9
EID041,HR,2025-06-08 00:00:00,Present,7
EID041,HR,2025-06-09 00:00:00,Present,9
EID041,HR,2025-06-10 00:00:00,WFH,0
EID041,HR,2025-06-11 00:00:00,Present,9
EID041,HR,2025-06-12 00:00:00,Present,8
EID041,HR,2025-06-13 00:00:00,WFH,0
EID041,HR,2025-06-14 00:00:00,Present,6
EID041,HR,2025-06-15 00:00:00,Present,7
EID041,HR,2025-06-16 00:00:00,Present,7
EID041,HR,2025-06-17 00:00:00,Absent,0
EID041,HR,2025-06-18 00:00:00,Absent,0
EID041,HR,2025-06-19 00:00:00,Present,8
EID041,HR,2025-06-20 00:00:00,Present,6
EID041,HR,2025-06-21 00:00:00,Present,9
EID041,HR,2025-06-22 00:00:00,Present,9
EID041,HR,2025-06-23 00:00:00,Present,6
EID041,HR,2025-06-24 00:00:00,Present,9
EID041,HR,2025-06-25 00:00:00,Present,7
EID041,HR,2025-06-26 00:00:00,Present,8
EID041,HR,2025-06-27 00:00:00,Present,7
EID041,HR,2025-06-28 00:00:00,Present,6
EID041,HR,2025-06-29 00:00:00,WFH,0
EID041,HR,2025-06-30 00:00:00,Present,6
EID042,Tech,2025-06-01 00:00:00,Present,6
EID042,Tech,2025-06-02 00:00:00,WFH,0
EID042,Tech,2025-06-03 00:00:00,Present,8
EID042,Tech,2025-06-04 00:00:00,Present,7
EID042,Tech,2025-06-05 00:00:00,Present,6
EID042,Tech,2025-06-06 00:00:00,Present,7
EID042,Tech,2025-06-07 00:00:00,Absent,0
EID042,Tech,2025-06-08 00:00:00,Present,7
EID042,Tech,2025-06-09 00:00:00,Present,8
EID042,Tech,2025-06-10 00:00:00,Present,7
EID042,Tech,2025-06-11 00:00:00,Absent,0
EID042,Tech,2025-06-12 00:00:00,Present,6
EID042,Tech,2025-06-13 00:00:00,Present,6
EID042,Tech,2025-06-14 00:00:00,Present,8
EID042,Tech,2025-06-15 00:00:00,Present,8
EID042,Tech,2025-06-16 00:00:00,Present,9
EID042,Tech,2025-06-17 00:00:00,WFH,0
EID042,Tech,2025-06-18 00:00:00,Present,8
EID042,Tech,2025-06-19 00:00:00,Present,9
EID042,Tech,2025-06-20 00:00:00,Present,7
EID042,Tech,2025-06-21 00:00:00,Present,9
EID042,Tech,2025-06-22 00:00:00,Present,6
EID042,Tech,2025-06-23 00:00:00,WFH,0
EID042,Tech,2025-06-24 00:00:00,Present,7
EID042,Tech,2025-06-25 00:00:00,Present,7
EID042,Tech,2025-06-26 00:00:00,Present,9
EID042,Tech,2025-06-27 00:00:00,Present,8
EID042,Tech,2025-06-28 00:00:00,Present,6
EID042,Tech,2025-06-29 00:00:00,WFH,0
EID042,Tech,2025-06-30 00:00:00,Present,7
EID043,Sales,2025-06-01 00:00:00,Present,6
EID043,Sales,2025-06-02 00:00:00,Absent,0
EID043,Sales,2025-06-03 00:00:00,Present,9
EID043,Sales,2025-06-04 00:00:00,Present,6
EID043,Sales,2025-06-05 00:00:00,Present,6
EID043,Sales,2025-06-06 00:00:00,Present,9
EID043,Sales,2025-06-07 00:00:00,Present,6
EID043,Sales,2025-06-08 00:00:00,Present,6
EID043,Sales,2025-06-09 00:00:00,Absent,0
EID043,Sales,2025-06-10 00:00:00,Present,9
EID043,Sales,2025-06-11 00:00:00,WFH,0
EID043,Sales,2025-06-12 00:00:00,Present,8
EID043,Sales,2025-06-13 00:00:00,Present,7
EID043,Sales,2025-06-14 00:00:00,Present,7
EID043,Sales,2025-06-15 00:00:00,Present,9
EID043,Sales,2025-06-16 00:00:00,Present,6
EID043,Sales,2025-06-17 00:00:00,Present,6
EID043,Sales,2025-06-18 00:00:00,Present,6
EID043,Sales,2025-06-19 00:00:00,Present,9
EID043,Sales,2025-06-20 00:00:00,Present,9
EID043,Sales,2025-06-21 00:00:00,WFH,0
EID043,Sales,2025-06-22 00:00:00,WFH,0
EID043,Sales,2025-06-23 00:00:00,Present,6
EID043,Sales,2025-06-24 00:00:00,Present,6
EID043,Sales,2025-06-25 00:00:00,Present,9
EID043,Sales,2025-06-26 00:00:00,Present,8
EID043,Sales,2025-06-27 00:00:00,Present,8
EID043,Sales,2025-06-28 00:00:00,Present,7
EID043,Sales,2025-06-29 00:00:00,Present,6
EID043,Sales,2025-06-30 00:00:00,Present,9
EID044,Marketing,2025-06-01 00:00:00,Present,9
EID044,Marketing,2025-06-02 00:00:00,Absent,0
EID044,Marketing,2025-06-03 00:00:00,WFH,0
EID044,Marketing,2025-06-04 00:00:00,Absent,0
EID044,Marketing,2025-06-05 00:00:00,WFH,0
EID044,Marketing,2025-06-06 00:00:00,Present,8
EID044,Marketing,2025-06-07 00:00:00,Present,6
EID044,Marketing,2025-06-08 00:00:00,Present,6
EID044,Marketing,2025-06-09 00:00:00,Present,7
EID044,Marketing,2025-06-10 00:00:00,Present,6
EID044,Marketing,2025-06-11 00:00:00,WFH,0
EID044,Marketing,2025-06-12 00:00:00,Present,8
EID044,Marketing,2025-06-13 00:00:00,Present,6
EID044,Marketing,2025-06-14 00:00:00,Present,7
EID044,Marketing,2025-06-15 00:00:00,Absent,0
EID044,Marketing,2025-06-16 00:00:00,Present,8
EID044,Marketing,2025-06-17 00:00:00,Absent,0
EID044,Marketing,2025-06-18 00:00:00,WFH,0
EID044,Marketing,2025-06-19 00:00:00,Absent,0
EID044,Marketing,2025-06-20 00:00:00,Present,9
EID044,Marketing,2025-06-21 00:00:00,Absent,0
EID044,Marketing,2025-06-22 00:00:00,Absent,0
EID044,Marketing,2025-06-23 00:00:00,Present,6
EID044,Marketing,2025-06-24 00:00:00,Present,6
EID044,Marketing,2025-06-25 00:00:00,Present,9
EID044,Marketing,2025-06-26 00:00:00,Absent,0
EID044,Marketing,2025-06-27 00:00:00,Present,6
EID044,Marketing,2025-06-28 00:00:00,Present,7
EID044,Marketing,2025-06-29 00:00:00,WFH,0
EID044,Marketing,2025-06-30 00:00:00,Present,8
EID045,Tech,2025-06-01 00:00:00,Absent,0
EID045,Tech,2025-06-02 00:00:00,Absent,0
EID045,Tech,2025-06-03 00:00:00,Present,7
EID045,Tech,2025-06-04 00:00:00,Present,9
EID045,Tech,2025-06-05 00:00:00,Present,8
EID045,Tech,2025-06-06 00:00:00,Present,6
EID045,Tech,2025-06-07 00:00:00,Present,9
EID045,Tech,2025-06-08 00:00:00,Present,6
EID045,Tech,2025-06-09 00:00:00,Present,7
EID045,Tech,2025-06-10 00:00:00,Present,6
EID045,Tech,2025-06-11 00:00:00,Present,6
EID045,Tech,2025-06-12 00:00:00,Present,7
EID045,Tech,2025-06-13 00:00:00,Present,7
EID045,Tech,2025-06-14 00:00:00,Present,8
EID045,Tech,2025-06-15 00:00:00,Present,6
EID045,Tech,2025-06-16 00:00:00,Present,9
EID045,Tech,2025-06-17 00:00:00,Present,8
EID045,Tech,2025-06-18 00:00:00,Present,9
EID045,Tech,2025-06-19 00:00:00,Present,8
EID045,Tech,2025-06-20 00:00:00,Present,6
EID045,Tech,2025-06-21 00:00:00,Absent,0
EID045,Tech,2025-06-22 00:00:00,Present,7
EID045,Tech,2025-06-23 00:00:00,Absent,0
EID045,Tech,2025-06-24 00:00:00,Absent,0
EID045,Tech,2025-06-25 00:00:00,Present,8
EID045,Tech,2025-06-26 00:00:00,Present,7
EID045,Tech,2025-06-27 00:00:00,Present,8
EID045,Tech,2025-06-28 00:00:00,Absent,0
EID045,Tech,2025-06-29 00:00:00,WFH,0
EID045,Tech,2025-06-30 00:00:00,Present,6
EID046,Sales,2025-06-01 00:00:00,Present,6
EID046,Sales,2025-06-02 00:00:00,Present,8
EID046,Sales,2025-06-03 00:00:00,Present,7
EID046,Sales,2025-06-04 00:00:00,Present,7
EID046,Sales,2025-06-05 00:00:00,Present,6
EID046,Sales,2025-06-06 00:00:00,Present,9
EID046,Sales,2025-06-07 00:00:00,Present,6
EID046,Sales,2025-06-08 00:00:00,Present,9
EID046,Sales,2025-06-09 00:00:00,Present,6
EID046,Sales,2025-06-10 00:00:00,Present,6
EID046,Sales,2025-06-11 00:00:00,Present,6
EID046,Sales,2025-06-12 00:00:00,Present,8
EID046,Sales,2025-06-13 00:00:00,Present,6
EID046,Sales,2025-06-14 00:00:00,Present,7
EID046,Sales,2025-06-15 00:00:00,Present,9
EID046,Sales,2025-06-16 00:00:00,Present,7
EID046,Sales,2025-06-17 00:00:00,WFH,0
EID046,Sales,2025-06-18 00:00:00,Present,8
EID046,Sales,2025-06-19 00:00:00,Absent,0
EID046,Sales,2025-06-20 00:00:00,Present,7
EID046,Sales,2025-06-21 00:00:00,Absent,0
EID046,Sales,2025-06-22 00:00:00,Present,6
EID046,Sales,2025-06-23 00:00:00,Present,9
EID046,Sales,2025-06-24 00:00:00,WFH,0
EID046,Sales,2025-06-25 00:00:00,Absent,0
EID046,Sales,2025-06-26 00:00:00,Present,9
EID046,Sales,2025-06-27 00:00:00,Present,6
EID046,Sales,2025-06-28 00:00:00,WFH,0
EID046,Sales,2025-06-29 00:00:00,Present,8
EID046,Sales,2025-06-30 00:00:00,Present,9
EID047,HR,2025-06-01 00:00:00,Present,9
EID047,HR,2025-06-02 00:00:00,Present,8
EID047,HR,2025-06-03 00:00:00,Present,8
EID047,HR,2025-06-04 00:00:00,Present,7
EID047,HR,2025-06-05 00:00:00,Present,7
EID047,HR,2025-06-06 00:00:00,Present,9
EID047,HR,2025-06-07 00:00:00,Present,6
EID047,HR,2025-06-08 00:00:00,Absent,0
EID047,HR,2025-06-09 00:00:00,Present,6
EID047,HR,2025-06-10 00:00:00,Present,6
EID047,HR,2025-06-11 00:00:00,Present,8
EID047,HR,2025-06-12 00:00:00,Present,9
EID047,HR,2025-06-13 00:00:00,Present,9
EID047,HR,2025-06-14 00:00:00,Present,8
EID047,HR,2025-06-15 00:00:00,Present,8
EID047,HR,2025-06-16 00:00:00,Absent,0
EID047,HR,2025-06-17 00:00:00,Absent,0
EID047,HR,2025-06-18 00:00:00,Present,9
EID047,HR,2025-06-19 00:00:00,Present,9
EID047,HR,2025-06-20 00:00:00,Absent,0
EID047,HR,2025-06-21 00:00:00,Present,9
EID047,HR,2025-06-22 00:00:00,Present,9
EID047,HR,2025-06-23 00:00:00,WFH,0
EID047,HR,2025-06-24 00:00:00,Absent,0
EID047,HR,2025-06-25 00:00:00,WFH,0
EID047,HR,2025-06-26 00:00:00,Present,9
EID047,HR,2025-06-27 00:00:00,Present,9
EID047,HR,2025-06-28 00:00:00,Present,9
EID047,HR,2025-06-29 00:00:00,Present,8
EID047,HR,2025-06-30 00:00:00,Present,9
EID048,Marketing,2025-06-01 00:00:00,WFH,0
EID048,Marketing,2025-06-02 00:00:00,Present,9
EID048,Marketing,2025-06-03 00:00:00,Present,7
EID048,Marketing,2025-06-04 00:00:00,Present,6
EID048,Marketing,2025-06-05 00:00:00,Present,9
EID048,Marketing,2025-06-06 00:00:00,Present,7
EID048,Marketing,2025-06-07 00:00:00,Present,7
EID048,Marketing,2025-06-08 00:00:00,Present,8
EID048,Marketing,2025-06-09 00:00:00,WFH,0
EID048,Marketing,2025-06-10 00:00:00,Present,7
EID048,Marketing,2025-06-11 00:00:00,Present,8
EID048,Marketing,2025-06-12 00:00:00,Present,8
EID048,Marketing,2025-06-13 00:00:00,Present,6
EID048,Marketing,2025-06-14 00:00:00,Present,6
EID048,Marketing,2025-06-15 00:00:00,Present,8
EID048,Marketing,2025-06-16 00:00:00,Present,6
EID048,Marketing,2025-06-17 00:00:00,Present,7
EID048,Marketing,2025-06-18 00:00:00,Present,6
EID048,Marketing,2025-06-19 00:00:00,Present,7
EID048,Marketing,2025-06-20 00:00:00,Present,7
EID048,Marketing,2025-06-21 00:00:00,Present,7
EID048,Marketing,2025-06-22 00:00:00,Present,6
EID048,Marketing,2025-06-23 00:00:00,Present,6
EID048,Marketing,2025-06-24 00:00:00,Present,8
EID048,Marketing,2025-06-25 00:00:00,Present,7
EID048,Marketing,2025-06-26 00:00:00,Present,9
EID048,Marketing,2025-06-27 00:00:00,Present,9
EID048,Marketing,2025-06-28 00:00:00,Present,7
EID048,Marketing,2025-06-29 00:00:00,Present,8
EID048,Marketing,2025-06-30 00:00:00,Present,6
EID049,Tech,2025-06-01 00:00:00,WFH,0
EID049,Tech,2025-06-02 00:00:00,Present,7
EID049,Tech,2025-06-03 00:00:00,Present,8
EID049,Tech,2025-06-04 00:00:00,Present,8
EID049,Tech,2025-06-05 00:00:00,Present,6
EID049,Tech,2025-06-06 00:00:00,Present,8
EID049,Tech,2025-06-07 00:00:00,Present,8
EID049,Tech,2025-06-08 00:00:00,Present,6
EID049,Tech,2025-06-09 00:00:00,Present,7
EID049,Tech,2025-06-10 00:00:00,Present,9
EID049,Tech,2025-06-11 00:00:00,Present,7
EID049,Tech,2025-06-12 00:00:00,Absent,0
EID049,Tech,2025-06-13 00:00:00,WFH,0
EID049,Tech,2025-06-14 00:00:00,Present,7
EID049,Tech,2025-06-15 00:00:00,Present,8
EID049,Tech,2025-06-16 00:00:00,Present,9
EID049,Tech,2025-06-17 00:00:00,Present,9
EID049,Tech,2025-06-18 00:00:00,Present,7
EID049,Tech,2025-06-19 00:00:00,Present,6
EID049,Tech,2025-06-20 00:00:00,Present,6
EID049,Tech,2025-06-21 00:00:00,Present,8
EID049,Tech,2025-06-22 00:00:00,Present,9
EID049,Tech,2025-06-23 00:00:00,WFH,0
EID049,Tech,2025-06-24 00:00:00,Present,6
EID049,Tech,2025-06-25 00:00:00,Absent,0
EID049,Tech,2025-06-26 00:00:00,Present,9
EID049,Tech,2025-06-27 00:00:00,Present,7
EID049,Tech,2025-06-28 00:00:00,Present,7
EID049,Tech,2025-06-29 00:00:00,Present,7
EID049,Tech,2025-06-30 00:00:00,Present,8
EID050,Marketing,2025-06-01 00:00:00,WFH,0
EID050,Marketing,2025-06-02 00:00:00,Present,8
EID050,Marketing,2025-06-03 00:00:00,Absent,0
EID050,Marketing,2025-06-04 00:00:00,Present,8
EID050,Marketing,2025-06-05 00:00:00,Present,9
EID050,Marketing,2025-06-06 00:00:00,Present,8
EID050,Marketing,2025-06-07 00:00:00,Present,7
EID050,Marketing,2025-06-08 00:00:00,Present,6
EID050,Marketing,2025-06-09 00:00:00,Present,6
EID050,Marketing,2025-06-10 00:00:00,Absent,0
EID050,Marketing,2025-06-11 00:00:00,Present,9
EID050,Marketing,2025-06-12 00:00:00,Present,8
EID050,Marketing,2025-06-13 00:00:00,Present,7
EID050,Marketing,2025-06-14 00:00:00,Present,9
EID050,Marketing,2025-06-15 00:00:00,WFH,0
EID050,Marketing,2025-06-16 00:00:00,Present,7
EID050,Marketing,2025-06-17 00:00:00,Present,7
EID050,Marketing,2025-06-18 00:00:00,Present,9
EID050,Marketing,2025-06-19 00:00:00,Present,9
EID050,Marketing,2025-06-20 00:00:00,Present,7
EID050,Marketing,2025-06-21 00:00:00,Absent,0
EID050,Marketing,2025-06-22 00:00:00,Absent,0
EID050,Marketing,2025-06-23 00:00:00,WFH,0
EID050,Marketing,2025-06-24 00:00:00,Present,7
EID050,Marketing,2025-06-25 00:00:00,Present,7
EID050,Marketing,2025-06-26 00:00:00,Present,9
EID050,Marketing,2025-06-27 00:00:00,WFH,0
EID050,Marketing,2025-06-28 00:00:00,Present,7
EID050,Marketing,2025-06-29 00:00:00,Present,6
EID050,Marketing,2025-06-30 00:00:00,Present,8
